"","Var1","Freq"
"1","@shiva",5
"2","715371",189
"3","7of9",8608
"4","A Rastered Development",184
"5","aanantaa",1
"6","Aaron Hodges",1
"7","aaronspring",4
"8","Aashish Layalu",1
"9","Aashish Tripathee (Adyota)",623
"10","Aashwin Acharya",1
"11","Abash Paudel",41
"12","Abeightol",22
"13","abel801",1
"14","Abinash",1
"15","Abinash Neupane",17
"16","Acn567",2
"17","Active Asmita",23
"18","adev123",16
"19","adivik2000",1
"20","adrianlo",134
"21","advmap",5
"22","afonin",86
"23","ajay8808",4
"24","Ajit Kunwar",1
"25","ajithkarunaratne",27
"26","Akarki58",1
"27","AlaskaDave",4
"28","Aleks-Berlin",10
"29","AlenaNarcheva",1
"30","Alex Gorman Chamness",2
"31","Alex-7",11
"32","Alexander Deynichenko",77
"33","alexandrebc",1
"34","alexbans13",1
"35","Alfonso Carrión González",2
"36","Alibaba And You",1
"37","Alisha12",189264
"38","alishha",1327
"39","Almarusla",1
"40","almor123",217
"41","Amar Kumar Tamrakar",1
"42","amazing ad",2
"43","amitraj mulmi",3
"44","Amrit Devkota",15
"45","AmRit GhiMire",3
"46","Amrit Khawas",1
"47","Amrit paudel",1
"48","amritkarma",46
"49","An42",1
"50","AndrewBuck",10
"51","Andy Hawthorne",2
"52","Anil Dhewaju",1
"53","Anita Pariyar",5
"54","anju2016",2
"55","Anka San",1
"56","Ankit Keshav Baral",134
"57","Anna-Chrissy",1
"58","Anne72",3
"59","AnnMar",20
"60","ans_7",3
"61","Anup Adhikari",35
"62","Anup Subedi",27
"63","anupsth",12
"64","arasure",1266
"65","archaeo",270
"66","archi",355
"67","Archiev Thapa",1
"68","Arjun1_pokhara",1
"69","Armangi",2
"70","Artem Chuprina",35
"71","Ashim Bajracharya",1
"72","ashis104",5
"73","Ashish Bastola",2
"74","Ashish Thapa",21336
"75","ashkan55",4
"76","Ashley Rose",68
"77","ashmeera",3
"78","Ashok Chaurasiya",1
"79","ashok dhakal",1
"80","ashok kavreli",23
"81","Ashok Thapa",1
"82","Ashwin kumar karki",30
"83","asmitasummer",6
"84","Ast adhikari",48
"85","Aurimas Fišeras",1
"86","Awesome_Nzl",1
"87","aweverka",12
"88","Ayane",24
"89","Ayushmaan Gurung",1
"90","ayushupreti22",20494
"91","azimut400gon",2
"92","B-tech Pokhara",1
"93","B0k",21
"94","bahnpirat",182
"95","bakhto",104
"96","Baral Brothers",1
"97","Barbara Weibel",2
"98","barnabascaro",1
"99","Barnabechaix",1
"100","Bastian Balthazar Bux",2
"101","bavario",1
"102","Becca Wilson",37
"103","Beepson",224
"104","Beeshwas",5
"105","Benjamin Sharma (Ben)",5
"106","Bernhard Schoof",1
"107","bgirardot",9
"108","BH Gunpowder",137
"109","Bhakti Devkota",1
"110","Bharat Raj Bhat",1
"111","Bhawak",2
"112","bhuvaneshwar",5
"113","Bibek Bhujel",14
"114","Bibek Gurung",18
"115","Bibek99",90
"116","bigalxyz123",299
"117","Bijay _Dhakal",3
"118","Bijay adhikari",350
"119","Bijay Dhakal",84
"120","Bijay Tamang",1
"121","Bikal Rana Magar",1
"122","Bikal061",1
"123","Bikash Gurung Tkd",1
"124","Bikash Sherchan",2
"125","Bikash Tamrakar",1
"126","Bikram KC",2
"127","Bikram Regmi",2
"128","bikram26",4833
"129","Biku",2
"130","binay podel123",14
"131","Binay shrestha",1
"132","Binit Chhantyal",34
"133","Bipin Chapagain",1
"134","birenra",102
"135","Bishal G",42
"136","Bishal Sadashankar",1
"137","bishal_",12
"138","Bishal9841",99185
"139","BishnuBastola",8
"140","Bjdai",2
"141","BlackFishMethod",16
"142","Blueatlas",2
"143","Bobby Matthieu",1
"144","Bojulá Enrique Torao",1
"145","bookbugs",21
"146","Borristhesnail",1
"147","bostonsbh",2
"148","Bouix Pauline",1
"149","Brad_B",22
"150","bradleyswilson",24
"151","breffniw",125
"152","Bruckmann-Karto",6
"153","bshaw36",16
"154","Buddhaz Gurung",1
"155","Buddhi Neupane",1
"156","byronbay",27
"157","c-yam giri",18
"158","calfarome",20
"159","Camillex9",48
"160","canuck8888",1
"161","Carlos Alberto Martínez Gadea",3
"162","cazar",11
"163","chalie42",1
"164","Chandra Mohan",3
"165","chihchun",4
"166","Chingping Yu",13
"167","chiranjibi",2
"168","Chiranjiwi lal",3
"169","chocacao",19
"170","Chris Everywhere",1
"171","chrischan",66
"172","ChrissW-R1",27
"173","Chrysopras",1
"174","cibesh009",133
"175","City Mobile Clinic",2
"176","Classofmrlytle",32
"177","Claudio Cruz Vasquez",3
"178","Cole Roundabout Burfdawg",2
"179","coothdrup",16
"180","CornCO",57
"181","cornelisJVM",207
"182","CrapMapper",131
"183","CRCulver",5
"184","CSea",28
"185","Cyrille37",21
"186","CyrusDreams",13
"187","D thapa",4
"188","D'puh Giri",3
"189","danbjoseph",3
"190","dbusse",2
"191","Deborah Winkel",1
"192","DED101",74
"193","Deepak Chaudhary",1
"194","Deepsy",1
"195","Delta Bravo123",123
"196","Dev Kapil",2
"197","Dev Narayan Paudel",45
"198","DevinW",13
"199","dgitto",2
"200","didier2020",1
"201","Diek77",1
"202","diemilli1986",42
"203","Dikshya Dulal",6
"204","Dilbahadur Gurung",1
"205","Dima M",9673
"206","Dip Narayan (Oryshan)",1
"207","dipak acharya",86
"208","Dipeshlama",5
"209","divasgurung",1
"210","Divjo",6485
"211","Dklpradeep",1
"212","Dolev Pagir",1
"213","Dongeral",3
"214","Double_wasabi",74
"215","dreamer2",18
"216","DreamerShristi",416
"217","DreamerShristi1",25
"218","easyX",14
"219","edtha",692
"220","Edward Munch",82
"221","eglatorre",8
"222","ehurr",357
"223","ekeshkekesh",441
"224","Eleanor12",9
"225","elemelon",2
"226","Eliza Pearce",200
"227","Emmece",459
"228","emvee",18
"229","eul",192
"230","Eva Blue",513
"231","Evelyn Desouzaa",67
"232","Farras",32
"233","Fliss",20
"234","Franco_G",78
"235","freeExec",170
"236","friedtea15",269
"237","fstueck",385
"238","FTA",2196
"239","fullafan",27
"240","FvGordon",99
"241","fx99",70
"242","g246020",1
"243","gagan dhakal",1
"244","Gangadhar Bhattarai",2
"245","Garbenzo",1
"246","gaurab basnet",49041
"247","gaurav bhattarai",96
"248","Gaurav Thapa",6073
"249","Gehendra Gurung",8
"250","Gemma Yemm",1
"251","geo lucy",16
"252","GeoCrazy",14
"253","Geofreund1",2725
"254","Geogmap73",299
"255","geolife",23
"256","George Townsend",17
"257","Gerald Smith",20
"258","Gerard Lleopart",1
"259","GerdP",12
"260","ghh",70
"261","GijsvC",2
"262","Gopal Adhikary",1
"263","GOwin",79
"264","gps-newcomer",1
"265","Green Peace Resort",4
"266","grg dhiraj",1
"267","GSVGravitasShortfall",17
"268","gvmsia",194
"269","gwilym1234",7
"270","Gyabit Gurung",1
"271","gyanendra nepali",116
"272","hadhuey",70
"273","hami1981",42
"274","HannahKist",4
"275","Hans Wurst",636
"276","hardfire",1
"277","Hari Adhikari 84",1
"278","hari chapagai",2
"279","hartnepal",7
"280","Harvey Zakhar Lukyanenko",1
"281","Heart1",2
"282","hebolz",20
"283","HeinIII",253
"284","Heinz_V",2194
"285","helbob",13
"286","Helina",77
"287","Helmchen42",53
"288","hfinnerb",12
"289","hhdont",783
"290","highflyer74",12
"291","hillson",7
"292","Himalaya walker",1
"293","Himalayan yogini",2
"294","Horsehead",163
"295","Hotel Dream Pokhara",2
"296","Hotel Green Lake View",4
"297","hulagirl14",20
"298","iciRobin",35
"299","icolmenero",272
"300","Ignacio Escribano",1
"301","Ilya S",1
"302","Ilya Sviridenko",4
"303","Inam",3
"304","IndianaJones737",4
"305","Indira Panta",62
"306","irateh",1
"307","Isa Kasim",6
"308","Isaac Amaru",1
"309","IWA95",9
"310","iWowik",16
"311","JackAurel",75
"312","Jade Kuo",1
"313","Jadewillow",3
"314","Jaehong Lee",1
"315","jaldhaka",1338
"316","Jamie Yardley",1
"317","JamzyW",11
"318","janakpoudel",29
"319","janjak",7
"320","Jasna Budhathoki",13414
"321","JasnaBudhathoki",21766
"322","Jason Sapkota",2
"323","Jay Shah420",1
"324","Jayaram Timilsina",3
"325","jczawlytko",178
"326","jeastman",24
"327","jechang lee",1
"328","JeLuF",81
"329","Jenny Johal",81
"330","jensvdbroek",55
"331","jharana photo studio",1
"332","jharpster",28
"333","Jiban raj Poudel",5
"334","Joe Mick",1
"335","johanespeter9",25
"336","Jones Sandy",22
"337","Jonnyjkynm",1
"338","jordanm-b",14
"339","Jordi1024",174
"340","josmougn",295
"341","Joxit",1
"342","jrpepper",12
"343","Jubba89",55
"344","Julibee",5
"345","Julien Vi",1
"346","JY33",1
"347","Kabikc",2
"348","KABIRAJ ROKAYA",1084
"349","Kabita_pokhrel",77
"350","Kalidash Sapkota",5
"351","Kalpana Bhattarai",1
"352","kamal kshetri",1
"353","Kamal Lamichhane",1
"354","kamala123",53
"355","Kanchanbdr",13
"356","Kantipur Juttaghar",1
"357","Kate Diaz",263
"358","katefromformosa",62
"359","kathysll",694
"360","Katie Hanson",2
"361","Kcroshan",2
"362","KD Singh",255
"363","Kelasa",1
"364","Keli19",3
"365","Kelly Legrand",1
"366","Kempinski",20
"367","Kenopode",2
"368","kent1D",1
"369","kevin Prince",209
"370","Khagendra R Poudel",9
"371","KIRAN SHERCHAN",1
"372","Kishan_Sah",2
"373","Kishor103",1
"374","Kostik",4
"375","kraanbt",5
"376","kräckel",1
"377","krish@na",1
"378","Krishna Ale",5
"379","krishna_WRC",40
"380","KSav Ranabhat",1
"381","Kshitiz Khanal",13
"382","kuberM",14678
"383","kukuk",1
"384","kumar subedi",2
"385","Kurly",1
"386","Kushal KC",216
"387","Kushal Shrestha",1
"388","L-Klitschi",1
"389","L!M",5
"390","Lancybluewest",1
"391","Lani_Martin",691
"392","laslooo",2
"393","Laura Chasmer",88
"394","laurabr",2
"395","Laxman Baral",2
"396","Lb Bhujel",1
"397","LearningToHelp",5
"398","leeje02",136
"399","leele",2
"400","LEESANGBUM",3
"401","Leif Lodahl",14
"402","LEMviola",112
"403","LenainKtm",347
"404","LeTopographeFou",2
"405","Lexi Johnson",358
"406","lh85",15
"407","liladevkota123",66
"408","Little Windows",2
"409","lja60",429
"410","lofan777",87
"411","LonelyNarayan",7
"412","longestway",9
"413","Lukhaus",85
"414","lxbarth",14
"415","Lya27",1
"416","m902",70
"417","madanPS",6
"418","Madhu Sharma",2
"419","MadhuSafal",6
"420","maggot27",1
"421","mahesh shakya",4
"422","Mahesh Shrestha",1
"423","maj ashok shahi",7
"424","malenki",74
"425","Manasalu Gorkha",8
"426","Mandeep Tiwari",2
"427","Manish Bohara",2
"428","manisha parajuli",3
"429","manishpaudel",1
"430","Manoj Thapa",96393
"431","MapHimalaya",437
"432","mapmeld",293
"433","Maps_track",8
"434","Mapsforme977",1
"435","Marbhunge Motu",3
"436","marek kleciak",1482
"437","Margaux Ligas",1
"438","MarianoFocareta",12
"439","Marina Giadorou",2
"440","mark vd mierden",9
"441","markusams",1
"442","Marshy8",31
"443","Marynia",113
"444","Mateusz Konieczny",3
"445","matthewsheffield",431
"446","Matthias5",1
"447","mattsches",209
"448","MDe",203
"449","meadhikari",1
"450","Medha Cardiac Care",4
"451","MeghaShrestha",1353
"452","Mélanie Vallui",1121
"453","metzyman1212",5
"454","mgrubinger",1
"455","mheffler",4
"456","MiBu",2
"457","midlandsdave",18
"458","mikecc",9
"459","Milan KC",3
"460","Milan Subedi",5
"461","milke",20
"462","Mira Neupane",18
"463","Mitika32",69
"464","Mitra Bhandari",28
"465","mjda",19
"466","mko8",39
"467","mmahmud",178
"468","Mmaxim",2
"469","Mnandrews24",1090
"470","momiji15",77
"471","morris_frank",5
"472","motomchan",2
"473","Mr Guy",30
"474","mrichman",2
"475","Mrnprabhat",36054
"476","MSub",1
"477","msushil",116
"478","mtpaz",38
"479","mueschel",27
"480","mvalpeteris",1
"481","naba bajung",1
"482","Nabaraj Paudel",1
"483","Nabin Acharya",4
"484","Nama",14
"485","Narayan Tripathi",1
"486","narayanpur",1
"487","Narendra Basyal",5
"488","Natasha Stoughton",6
"489","Nautic",6
"490","nawaldev",1
"491","Neben com",1
"492","nepalmapdrawing",1372
"493","nevw",1
"494","ngurung",41
"495","nhorning",11
"496","NickBolten",229
"497","NickHulse",1
"498","Niels Wabeke",1
"499","Nikolaj L",2
"500","NILCED:TOP",5
"501","ninjamask",46
"502","Nirab Import",79
"503","Nirab Pudasaini",5067
"504","Niroj Bhandari",6
"505","Niroz Jung Karki",4
"506","Niru Pradhan",19
"507","nishaadhikari",41663
"508","Nishan Adhikari",134
"509","nishangurung007",1
"510","niyam",1
"511","noamlevin",127
"512","Nodes&Roads",156
"513","Nolan Crees",363
"514","NotSupposedTo",1
"515","Nplz",1
"516","Nubivagus",1
"517","nyampire",223
"518","nyuriks",14
"519","Oberaffe",2
"520","observer",2
"521","October Song",127
"522","Office of District Attorney Kaski",2
"523","Ohm Lama",3
"524","Ojesh Buddhacharya",3
"525","OMNIBUS",3
"526","Onair Communication",5
"527","OneStopNodeShop",23
"528","Oonu_sha",9
"529","Ophroad",116
"530","Oreg",3152
"531","OscarKatila",1
"532","OzarkGeoGeek",782
"533","p@poila",384
"534","PacLo",1
"535","Papayaved",781
"536","Pappu Sharma",2
"537","Paradox1964",1
"538","Parassrest",46734
"539","Pascaline Wallemacq",1
"540","PASGEO",6
"541","Patricia O Sullivan",93
"542","Paudel Nabin",1
"543","PAUL TIJAYTAS",51
"544","PaulKnight",5
"545","paulmach",63
"546","pcb999",178
"547","pdlbhim",2
"548","Penis100",9
"549","Peter Beaumont",41
"550","Péter Sas",1
"551","Petertroost",5
"552","ph_pac_nw",7
"553","philam48",23
"554","Philip Guston",36
"555","piaco_dk",391
"556","Pierre Tane",9
"557","PierZen",18
"558","Pingu",81
"559","Pink Lee",4
"560","Pinkey Bogati",2
"561","Pinklemer",1
"562","Pitambar Bhattarai",9
"563","PK_prakash",1
"564","PlaneMad",41
"565","PMoody1538",2
"566","Poshan",168
"567","pquacken2",102
"568","prabin kharel",1
"569","Pradeep Rana",6
"570","Pradip Baral",1
"571","PrAdip Bohara",1
"572","Pradip Khatiwada",2112
"573","Pradip Pandey",3
"574","PRADIP RAAZ",8
"575","pragati28",226
"576","prakash dhakal",3
"577","prakash paudel",17
"578","Prakash Wagle",17
"579","Prakrete15",8
"580","Prana Treks",2
"581","Pranish Tamrakar",2
"582","prashant_sh",2
"583","pratap poudel",1
"584","Pratham Badgami",1
"585","pratikgrg",1
"586","Prativa Gc",3
"587","pratixa",219
"588","ProjectThis",199
"589","proxodimec",1
"590","puja1",56
"591","Pujan Poudyal",642
"592","Purna Adhikari",1
"593","R0bst3r",1
"594","Rabeendra",6
"595","Rabin Ojha",172
"596","rabin sangami",1
"597","Rabin Tattoo",2
"598","rachellouise",7
"599","rajakopan",417
"600","Rajan Giri",1
"601","Rajan Kc",1
"602","Rajan Kumar Adhikari",415
"603","rajenpaudel123",86
"604","Raju Nepali",4
"605","Raju Regmi",3
"606","Ram Chandra Paudel",28
"607","Rameshwar Pandit",2
"608","Randoua",2
"609","RanjuWagle",88
"610","Rationzo",1
"611","ratrun",24
"612","Raul Shk",1
"613","Ravsgrg",1
"614","Raymond Badayak",1
"615","rcpaudel",1
"616","rcsmit",1
"617","reardonjk",5
"618","Red_Ranger",49
"619","redrace",1
"620","reenuka",28
"621","Reetika Gurung",1
"622","Regmisujan",10
"623","rekhadhakal",45
"624","relet",3
"625","remie1529",3
"626","Réza",2
"627","RichRico",2
"628","rmpaudel123",290
"629","Ro Sun",76164
"630","robinsparkles",5
"631","rojipokhara",59
"632","RollingStonesbar",3
"633","Romain Pison",9
"634","Ron Timmermans",11
"635","Ronaldo7179",8
"636","rootsy",6
"637","Ropino",1
"638","Rory Nealon",68
"639","roses7",41
"640","Roshan Blone",1
"641","Roshanality",2
"642","rsgis1",1
"643","rsmahabir",15
"644","Ruchi Shrestha",16
"645","Rupak Koirala",1
"646","rupesh shrestha",1
"647","Rushal",227
"648","sabikoirala12",40
"649","Sabu Sargam",80
"650","Sachham",110
"651","Sachin Baral",5
"652","Sagar Devkota",5
"653","sagar karki",4694
"654","Sagar Mahat",5
"655","Sagar Sapkota",19
"656","sagar35",5
"657","sagar6128",12
"658","Sagarsubedi205",9
"659","saikabhi",2
"660","Sailesh Prj",56
"661","Sajan Gr Hazard Thapa",1
"662","salix01",4
"663","sam1kabi",1
"664","samden",4
"665","samely",3525
"666","Samip Subedi",16
"667","Sammelee",10
"668","sampurnapaudel",1
"669","Sandeepa Nadahalli",1
"670","sandesh pun",3
"671","Sandhya__Dhakal",25
"672","sandip parajuli",2
"673","Sandpthapa",11
"674","Sandro Alex",55
"675","sangam thapa zanjeer",1
"676","Sanita Dhaubanjar",2
"677","Sanjaya subedi",3
"678","Sanjeev brl",108
"679","sanjit4u",5
"680","Santiago Trujillo Pereira",1
"681","Santosh Baral",206
"682","Santosh Parajuli",3
"683","Santosh Shrestha",14
"684","santosh69",1
"685","Santosh977",3
"686","Sanu Shanu",2
"687","sanzay123",139
"688","Sara Cristina Espina Gonzalez",1
"689","Sara Lafia",38
"690","sarki sherpa",1
"691","sarmila",91
"692","Sarokar",1
"693","sashazykov",913
"694","Satoshi Masu",93
"695","Satya73",70
"696","SauravGautam",4806
"697","Sazal(Solaris)",13
"698","Schlafsack",1
"699","ScM",1
"700","sco",9
"701","Seaglanz",1
"702","Sebastian68",44
"703","sebony79",22
"704","sedas",2
"705","seichter",24452
"706","SemanticTourist",12744
"707","sfrank",2081
"708","SGauchan",9
"709","Shahzaib Javaid",13
"710","shambhu gautam",2
"711","Shankar bahadur",1
"712","Sharad KC",105
"713","Sharonn Hart",1
"714","shashish",3
"715","Shau Rah Va",3
"716","Shaun Austin",313
"717","shiby",1094
"718","Shirisha Dhakal",62
"719","Shiva Ale Magar",1
"720","Shiva Kunwar",4
"721","Shiva Timilsina",1
"722","Shivani113",113
"723","shreedhar",158
"724","Shreedhar Singh",2
"725","shreeking",1021
"726","ShreeKrishna",74
"727","Shrestha Suman",19
"728","shreyup",5
"729","Shrizan Maharjan",1
"730","Shyam Kumar Gurung",1
"731","simon_schmeisser",48
"732","Simon67890",21
"733","Simpleminded",6
"734","sjoshi",5
"735","Sjoshi_achiever",19
"736","skinflute",9
"737","smaprs",94
"738","Smdbishnu Acharya",1
"739","sncaasi",1373
"740","sneakyturtle85",1
"741","sniffdiff",3
"742","Snorkle",73
"743","snowquami",1
"744","sokusetu-osm",1296
"745","Sonam Tshewang",7
"746","sonia pang",10
"747","Sparshrestha",1
"748","sperlingskauz",3
"749","SpiritualStripper",1
"750","spri13",431
"751","srijana subedi",90
"752","srividya_c",73
"753","Stella Lee",340
"754","Stephanie May",43
"755","SthaPratistha",6
"756","storeyrc",56
"757","Subas Magar",1
"758","Subash Baral",6
"759","subedidev",1
"760","subhash sapkota",1
"761","subodh12",4
"762","Sudhir Dhakal",2
"763","Sudikshya Acharya",2
"764","Sudip Kafle",1
"765","Sudipti",1
"766","Suite Orange",1
"767","Sujan Kuikel",15
"768","Sujan Makaju Shrestha",1
"769","Suman1234",1
"770","suneeel",83
"771","Sunil Acharya",6
"772","Sunil Ulak",2
"773","Sunita Kc",231
"774","SuperUser1",189
"775","Surendra Tamang",8
"776","Surya Adhikari",1
"777","Surya Paüdèl",1
"778","Suryansh Bajpai",39
"779","Susan Cleary",3
"780","sushank",1
"781","sushanta58",1
"782","Sushil36038",7
"783","Susovit",15
"784","Svalbard",9
"785","Swami Prem Bhakta",2
"786","Swarup Rajbhandari",22
"787","swatig",2
"788","Swornim",9
"789","T_L_B",1
"790","Taran_O",1
"791","Tarrel170",170
"792","TeaTime13",17
"793","teich",313
"794","tgertin",97
"795","thapa furniture",2
"796","TheShack",2
"797","thetornado76",3
"798","thevikas",1
"799","Thiago Laion",1
"800","Thomas8122",7
"801","Thupten Gyatso",2
"802","tnagorra",94
"803","Tom Landau",2
"804","tomcopp",16
"805","Tonushka",108
"806","TOP SOLUTIONS",2
"807","Traveler Pizza",1
"808","TrekGuru",2
"809","Tribelhorn Pascal",1
"810","tripeng",153
"811","Trruo",1151
"812","Udaya Parajuli",16
"813","Ujwal Shrestha",2
"814","UKSteve99",23
"815","Umesh Khichaju",2
"816","Unknown Mountain",5
"817","unknowntraveller",1
"818","Unusual User Name",2
"819","usha51",207
"820","uvi",61
"821","Uxía Llamosas",1
"822","vanagaudi",408
"823","VHAC",1843
"824","vic says",12
"825","Victor RomanOff",1
"826","Vik4u",58
"827","Vintagejhan",9
"828","violet_echo",176
"829","vjbaba",1
"830","vogelfreier",23
"831","vstraders",1
"832","wandsecacher",1
"833","Wangsik Ahn",4
"834","wegavision",236
"835","WeHelpU",2
"836","wheelmap_visitor",1
"837","Will Madison",2
"838","William Chadwick",1
"839","Wingcl",2
"840","winstonfilters",7
"841","wizardofoz",9
"842","Władysław Komorek",96
"843","wolfgang8741",1
"844","Wonderworld",7
"845","woodpeck",2
"846","woodpeck_repair",8
"847","wrc std Daman",31
"848","wycbtma",1
"849","Yasti shakya",14
"850","ybon",1
"851","Yellow Swissa Agency",1
"852","Yingjie Hu",13
"853","yo123456789",2
"854","Yogendra Karki",13
"855","yogeshlaxmi",4
"856","Yohmei Kawai",1
"857","Yoshiatsu",9
"858","Yura Zakatov",2
"859","yurasi",1
"860","Yuridiculous",3
"861","zabomil",40
"862","zahira27",23
"863","zehpunktbarron",21
"864","Zhent",30
"865","Zykure",12
"866","Анна Корх",1
"867","Владимир К",4
"868","उत्तम आस तमु",1
"869","भगवान श्रेष्ठ",4
"870","김재석",2
"871","추보람",5
"872","刃心不任性",1
